<!--Test 1 Expected Result-->
<?xml version="1.0"?>
<result>
	<created id="1" />
	<created id="2" />
	<created id="3" />
	<created id="4" />
	<error id="1">Account cannot be created</error>
	<created sym="A" id="1" />
	<created sym="A" id="1" />
	<created sym="A" id="2" />
	<error sym="A" id="5">Symbol creation failed</error>
	<created sym="A" id="1" />
	<created sym="B" id="2" />
	<created sym="B" id="3" />
	<created sym="C" id="1" />
	<created sym="A" id="4" />
	<created sym="B" id="4" />
</result>

<!--Test 1 Resulting Table-->
STOCK=# select * from account;
 account_id | balance
------------+---------
          1 |   10000
          2 |   10000
          3 |   30000
          4 |   10000
(4 rows)

STOCK=# select * from position;
 position_id | account_id | sym | amount
-------------+------------+-----+--------
           2 |          2 | A   |   1000
           1 |          1 | A   |   3000
           3 |          2 | B   |   1000
           4 |          3 | B   |   1000
           5 |          1 | C   |   1000
           6 |          4 | A   |   1000
           7 |          4 | B   |   1000
(7 rows)

STOCK=# select * from order_open;
 order_id | account_id | sym | amount | price | time
----------+------------+-----+--------+-------+------
(0 rows)



<!-- ****************************************************** -->

<!--Test 2 Expected Result-->
<?xml version="1.0"?>
<result>
	<error sym="A" amount="-5000" limit="100.000000">Insufficient amount</error>
	<opened sym="A" amount="-500" limit="100.000000" />
	<error sym="B" amount="500" limit="100.000000">Insufficient funds</error>
	<opened sym="B" amount="5" limit="100.000000" />
	<opened sym="C" amount="10" limit="50.000000" />
	<error sym="B" amount="-200000" limit="20000.000000">Insufficient amount</error>
	<error sym="D" amount="20" limit="2000.000000">Insufficient funds</error>
</result>

<!--Test 2 Resulting Table-->
STOCK=# select * from account;
 account_id | balance
------------+---------
          2 |   10000
          3 |   30000
          4 |   10000
          1 |    9000
(4 rows)

STOCK=# select * from position;
 position_id | account_id | sym | amount
-------------+------------+-----+--------
           2 |          2 | A   |   1000
           3 |          2 | B   |   1000
           4 |          3 | B   |   1000
           5 |          1 | C   |   1000
           6 |          4 | A   |   1000
           7 |          4 | B   |   1000
           1 |          1 | A   |   2500
(7 rows)

STOCK=# select * from order_open;
 order_id | account_id | sym | amount | price |    time
----------+------------+-----+--------+-------+------------
        1 |          1 | A   |   -500 |   100 | 1554317108
        2 |          1 | B   |      5 |   100 | 1554317108
        3 |          1 | C   |     10 |    50 | 1554317108
(3 rows)

STOCK=# select * from execution;
 exec_id | buyer_id | seller_id | buy_id | sell_id | sym | price | amount | time
---------+----------+-----------+--------+---------+-----+-------+--------+------
(0 rows)

STOCK=# select * from CANCEL;
 cancel_id | account_id | trans_id | amount | time
-----------+------------+----------+--------+------
(0 rows)



<!-- ****************************************************** -->

<!--Test 3 Expected Result-->
<?xml version="1.0"?>
<result>
	<status id="1">
		<opened shares="-500" />
	</status>
	<status id="2">
		<opened shares="5" />
	</status>
	<status id="3">
		<opened shares="10" />
	</status>
	<status id="4">
		<error>Transaction ID not found</error>
	</status>
</result>

<!--Test 3 Resulting Table-->
STOCK=# select * from account;
 account_id | balance
------------+---------
          2 |   10000
          3 |   30000
          4 |   10000
          1 |    9000
(4 rows)

STOCK=# select * from position;
 position_id | account_id | sym | amount
-------------+------------+-----+--------
           2 |          2 | A   |   1000
           3 |          2 | B   |   1000
           4 |          3 | B   |   1000
           5 |          1 | C   |   1000
           6 |          4 | A   |   1000
           7 |          4 | B   |   1000
           1 |          1 | A   |   2500
(7 rows)

STOCK=# select * from order_open;
 order_id | account_id | sym | amount | price |    time
----------+------------+-----+--------+-------+------------
        1 |          1 | A   |   -500 |   100 | 1554317108
        2 |          1 | B   |      5 |   100 | 1554317108
        3 |          1 | C   |     10 |    50 | 1554317108
(3 rows)

STOCK=# select * from execution;
 exec_id | buyer_id | seller_id | buy_id | sell_id | sym | price | amount | time
---------+----------+-----------+--------+---------+-----+-------+--------+------
(0 rows)

STOCK=# select * from CANCEL;
 cancel_id | account_id | trans_id | amount | time
-----------+------------+----------+--------+------
(0 rows)



<!-- ****************************************************** -->

<!--Test 4 Expected Result-->
<?xml version="1.0"?>
<result>
	<opened sym="A" amount="-8" limit="50.000000" />
	<opened sym="B" amount="10" limit="100.000000" />
	<error sym="C" amount="-10" limit="20.000000">Insufficient amount</error>
	<status id="6">
		<error>Transaction ID not found</error>
	</status>
</result>

<!--Test 4 Resulting Table-->
STOCK=# select * from account;
 account_id | balance
------------+---------
          3 |   30000
          4 |   10000
          1 |    9000
          2 |    9000
(4 rows)

STOCK=# select * from position;
 position_id | account_id | sym | amount
-------------+------------+-----+--------
           3 |          2 | B   |   1000
           4 |          3 | B   |   1000
           5 |          1 | C   |   1000
           6 |          4 | A   |   1000
           7 |          4 | B   |   1000
           1 |          1 | A   |   2500
           2 |          2 | A   |    992
(7 rows)

STOCK=# select * from order_open;
 order_id | account_id | sym | amount | price |    time
----------+------------+-----+--------+-------+------------
        1 |          1 | A   |   -500 |   100 | 1554317108
        2 |          1 | B   |      5 |   100 | 1554317108
        3 |          1 | C   |     10 |    50 | 1554317108
        4 |          2 | A   |     -8 |    50 | 1554317279
        5 |          2 | B   |     10 |   100 | 1554317279
(5 rows)

STOCK=# select * from execution;
 exec_id | buyer_id | seller_id | buy_id | sell_id | sym | price | amount | time
---------+----------+-----------+--------+---------+-----+-------+--------+------
(0 rows)

STOCK=# select * from CANCEL;
 cancel_id | account_id | trans_id | amount | time
-----------+------------+----------+--------+------
(0 rows)



<!-- ****************************************************** -->

<!--Test 5 Expected Result-->
<?xml version="1.0"?>
<result>
	<executed sym="A" amount="100" limit="100" />
	<opened sym="B" amount="-15" limit="50.000000" />
	<executed sym="B" amount="5" limit="100" />
	<executed sym="B" amount="10" limit="100" />
	<opened sym="C" amount="40" limit="50.000000" />
</result>

<!--Test 5 Resulting Table-->
STOCK=# select * from account;
 account_id | balance
------------+---------
          4 |   10000
          2 |    9000
          1 |   19000
          3 |   19500
(4 rows)

STOCK=# select * from position;
 position_id | account_id | sym | amount
-------------+------------+-----+--------
           5 |          1 | C   |   1000
           6 |          4 | A   |   1000
           7 |          4 | B   |   1000
           1 |          1 | A   |   2500
           2 |          2 | A   |    992
           8 |          3 | A   |    100
           4 |          3 | B   |    970
           9 |          1 | B   |      5
           3 |          2 | B   |   1010
(9 rows)

STOCK=# select * from order_open;
 order_id | account_id | sym | amount | price |    time
----------+------------+-----+--------+-------+------------
        3 |          1 | C   |     10 |    50 | 1554317108
        4 |          2 | A   |     -8 |    50 | 1554317279
        1 |          1 | A   |   -400 |   100 | 1554317108
        7 |          3 | B   |    -15 |    50 | 1554317392
        8 |          3 | C   |     40 |    50 | 1554317392
(5 rows)

STOCK=# select * from execution;
 exec_id | buyer_id | seller_id | buy_id | sell_id | sym | price | amount |    time
---------+----------+-----------+--------+---------+-----+-------+--------+------------
       1 |        3 |         1 |      6 |       1 | A   |   100 |    100 | 1554317392
       2 |        1 |         3 |      2 |       7 | B   |   100 |      5 | 1554317392
       3 |        2 |         3 |      5 |       7 | B   |   100 |     10 | 1554317392
(3 rows)

STOCK=# select * from CANCEL;
 cancel_id | account_id | trans_id | amount | time
-----------+------------+----------+--------+------
(0 rows)


<!-- ****************************************************** -->

<!--Test 6 Expected Result-->
<?xml version="1.0"?>
<result>
	<status id="7">
		<executed shares="10" price="100.000000" time="1554316941" />
	</status>
	<status id="6">
		<error>Transaction ID not found</error>
	</status>
	<status id="1">
		<error>Transaction ID not found</error>
	</status>
	<status id="2">
		<error>Transaction ID not found</error>
	</status>
	<canceled id="6">
		<error>Transaction ID not found</error>
	</canceled>
	<canceled id="7">
		<canceled shares="-15" time="1554316941" />
		<executed share="10" price="100.000000" time="1554316941" />
	</canceled>
</result>

<!--Test 6 Resulting Table-->
STOCK=# select * from order_open;
 order_id | account_id | sym | amount | price |    time
----------+------------+-----+--------+-------+------------
        3 |          1 | C   |     10 |    50 | 1554317108
        4 |          2 | A   |     -8 |    50 | 1554317279
        1 |          1 | A   |   -400 |   100 | 1554317108
        8 |          3 | C   |     40 |    50 | 1554317392
(4 rows)

STOCK=# select * from execution;
 exec_id | buyer_id | seller_id | buy_id | sell_id | sym | price | amount |    time
---------+----------+-----------+--------+---------+-----+-------+--------+------------
       1 |        3 |         1 |      6 |       1 | A   |   100 |    100 | 1554317392
       2 |        1 |         3 |      2 |       7 | B   |   100 |      5 | 1554317392
       3 |        2 |         3 |      5 |       7 | B   |   100 |     10 | 1554317392
(3 rows)

STOCK=# select * from CANCEL;
 cancel_id | account_id | trans_id | amount |    time
-----------+------------+----------+--------+------------
         1 |          2 |        7 |    -15 | 1554317452
(1 row)


<!-- ****************************************************** -->

<!--Test 7 Expected Result-->
<?xml version="1.0"?>
<result>
	<error>Invalid account ID</error>
</result>

<!--Test 7 Resulting Table-->
Same as previous test because nothing is done to invalid account

<!-- ****************************************************** -->

